{
  "type": "FeatureCollection",
  "generator": "overpass-turbo",
  "copyright": "The data included in this document is from www.openstreetmap.org. The data is made available under ODbL.",
  "timestamp": "2026-08-18T22:57:27Z",
  "features": [
    {
      "type": "Feature",
      "properties": {
        "@id": "relation/1812321",
        "admin_level": "6",
        "boundary": "administrative",
        "name": "Çankaya",
        "name:tr": "Çankaya",
        "name:tr:suffix": "İlçesi",
        "network": "TR06-districts",
        "population": "937546",
        "population:date": "2024-01-01",
        "source:population": "TUİK",
        "type": "boundary",
        "wikidata": "Q1020646",
        "wikipedia": "en:Çankaya, Ankara (district)"
      },
      "geometry": {
        "type": "Polygon",
        "coordinates": [
          [
            [
              32.8541632,
              39.9291837
            ],
            [
              32.8529465,
              39.9292526
            ],
            [
              32.8525218,
              39.9292858
            ],
            [
              32.8521156,
              39.9293526
            ],
            [
              32.8517947,
              39.9294343
            ],
            [
              32.8512064,
              39.9295901
            ],
            [
              32.8506467,
              39.9298193
            ],
            [
              32.8499552,
              39.93025
            ],
            [
              32.8494717,
              39.9306597
            ],
            [
              32.8484697,
              39.9315582
            ],
            [
              32.8474215,
              39.9325563
            ],
            [
              32.8464582,
              39.9336305
            ],
            [
              32.8457093,
              39.9342731
            ],
            [
              32.8450335,
              39.934662
            ],
            [
              32.8425256,
              39.9359679
            ],
            [
              32.8414532,
              39.9365566
            ],
            [
              32.839914,
              39.9369057
            ],
            [
              32.8393098,
              39.9374826
            ],
            [
              32.8377408,
              39.935715
            ],
            [
              32.8376482,
              39.93559
            ],
            [
              32.8375589,
              39.9354483
            ],
            [
              32.8374008,
              39.935034
            ],
            [
              32.8370274,
              39.9350832
            ],
            [
              32.8368039,
              39.9350808
            ],
            [
              32.8365985,
              39.9350473
            ],
            [
              32.8355687,
              39.9347179
            ],
            [
              32.835277,
              39.9346345
            ],
            [
              32.8292093,
              39.9328223
            ],
            [
              32.8279003,
              39.9324599
            ],
            [
              32.8248604,
              39.9328019
            ],
            [
              32.8233316,
              39.9327355
            ],
            [
              32.8227828,
              39.9326287
            ],
            [
              32.8193489,
              39.9314718
            ],
            [
              32.8177702,
              39.929279
            ],
            [
              32.8164347,
              39.9274101
            ],
            [
              32.8160158,
              39.9267529
            ],
            [
              32.8157708,
              39.9263316
            ],
            [
              32.8154084,
              39.9256266
            ],
            [
              32.815076,
              39.9249382
            ],
            [
              32.8148277,
              39.9243178
            ],
            [
              32.814623,
              39.9237256
            ],
            [
              32.8144395,
              39.9231335
            ],
            [
              32.8141822,
              39.9219595
            ],
            [
              32.8140884,
              39.9214631
            ],
            [
              32.8139805,
              39.9205427
            ],
            [
              32.8139473,
              39.9194781
            ],
            [
              32.8139743,
              39.9185728
            ],
            [
              32.8141046,
              39.9162628
            ],
            [
              32.8142264,
              39.9148223
            ],
            [
              32.8143304,
              39.913867
            ],
            [
              32.8144485,
              39.913023
            ],
            [
              32.8144862,
              39.9127157
            ],
            [
              32.8072869,
              39.9110044
            ],
            [
              32.8070677,
              39.9111827
            ],
            [
              32.8068146,
              39.9113721
            ],
            [
              32.8066119,
              39.9114907
            ],
            [
              32.8062861,
              39.9116702
            ],
            [
              32.8059166,
              39.9118467
            ],
            [
              32.8056341,
              39.9119908
            ],
            [
              32.8053676,
              39.9121532
            ],
            [
              32.8051525,
              39.9123101
            ],
            [
              32.8049805,
              39.9124446
            ],
            [
              32.8046106,
              39.9128173
            ],
            [
              32.8043242,
              39.9131828
            ],
            [
              32.8027783,
              39.9155147
            ],
            [
              32.8021176,
              39.9153664
            ],
            [
              32.8018171,
              39.916125
            ],
            [
              32.8003566,
              39.9195691
            ],
            [
              32.8003162,
              39.9196718
            ],
            [
              32.7992465,
              39.922486
            ],
            [
              32.7967362,
              39.9219881
            ],
            [
              32.7950531,
              39.9215869
            ],
            [
              32.7943941,
              39.9212161
            ],
            [
              32.79373,
              39.920786
            ],
            [
              32.7903684,
              39.9187055
            ],
            [
              32.7893503,
              39.9182264
            ],
            [
              32.7890285,
              39.9181038
            ],
            [
              32.7887171,
              39.9179971
            ],
            [
              32.7884984,
              39.9179666
            ],
            [
              32.7882269,
              39.9179532
            ],
            [
              32.7833618,
              39.9186013
            ],
            [
              32.7825316,
              39.9186574
            ],
            [
              32.7817681,
              39.9186324
            ],
            [
              32.7815121,
              39.9185968
            ],
            [
              32.7811754,
              39.9184993
            ],
            [
              32.7801601,
              39.9181744
            ],
            [
              32.7768561,
              39.9168815
            ],
            [
              32.7754861,
              39.9164822
            ],
            [
              32.7741983,
              39.9164822
            ],
            [
              32.7709377,
              39.9168605
            ],
            [
              32.7692664,
              39.9168815
            ],
            [
              32.7553748,
              39.9152843
            ],
            [
              32.7536212,
              39.9150111
            ],
            [
              32.7503602,
              39.914005
            ],
            [
              32.7470179,
              39.9130987
            ],
            [
              32.7444423,
              39.9125523
            ],
            [
              32.7386336,
              39.9122791
            ],
            [
              32.7373224,
              39.9122081
            ],
            [
              32.7357077,
              39.9119246
            ],
            [
              32.7341677,
              39.9114516
            ],
            [
              32.7327093,
              39.9109465
            ],
            [
              32.7337347,
              39.9095447
            ],
            [
              32.7343045,
              39.9085801
            ],
            [
              32.7344419,
              39.9083069
            ],
            [
              32.7345163,
              39.9079894
            ],
            [
              32.734438,
              39.9075114
            ],
            [
              32.734087,
              39.9067882
            ],
            [
              32.7339995,
              39.906593
            ],
            [
              32.7317369,
              39.9065069
            ],
            [
              32.7147232,
              39.9057929
            ],
            [
              32.7112614,
              39.9057007
            ],
            [
              32.6993821,
              39.9052234
            ],
            [
              32.6978953,
              39.9050982
            ],
            [
              32.6969464,
              39.9049452
            ],
            [
              32.6959371,
              39.9047041
            ],
            [
              32.695091,
              39.904412
            ],
            [
              32.6943476,
              39.9041107
            ],
            [
              32.6935377,
              39.9037119
            ],
            [
              32.6922806,
              39.9028959
            ],
            [
              32.6917767,
              39.9025896
            ],
            [
              32.6830701,
              39.8972705
            ],
            [
              32.6801333,
              39.8954861
            ],
            [
              32.6792967,
              39.8949574
            ],
            [
              32.6757029,
              39.8928129
            ],
            [
              32.6729192,
              39.8911431
            ],
            [
              32.6702222,
              39.8894269
            ],
            [
              32.6674921,
              39.8875115
            ],
            [
              32.6670669,
              39.8872273
            ],
            [
              32.6660914,
              39.8865746
            ],
            [
              32.6658586,
              39.8864091
            ],
            [
              32.665598,
              39.8862268
            ],
            [
              32.665322,
              39.8860502
            ],
            [
              32.665067,
              39.8858771
            ],
            [
              32.6643838,
              39.8853885
            ],
            [
              32.6615705,
              39.8834386
            ],
            [
              32.648107,
              39.8740861
            ],
            [
              32.6455864,
              39.8723183
            ],
            [
              32.644087,
              39.8712593
            ],
            [
              32.6435722,
              39.8709068
            ],
            [
              32.6391454,
              39.8678752
            ],
            [
              32.6388246,
              39.8676574
            ],
            [
              32.6370964,
              39.8664882
            ],
            [
              32.6362772,
              39.8660256
            ],
            [
              32.6385198,
              39.864764
            ],
            [
              32.6385261,
              39.8647605
            ],
            [
              32.6385831,
              39.8647288
            ],
            [
              32.6385198,
              39.8646725
            ],
            [
              32.6384741,
              39.864623
            ],
            [
              32.6384309,
              39.8645745
            ],
            [
              32.6377525,
              39.8637957
            ],
            [
              32.6372486,
              39.8632162
            ],
            [
              32.6369407,
              39.862848
            ],
            [
              32.6367854,
              39.862628
            ],
            [
              32.6366398,
              39.8623433
            ],
            [
              32.6365037,
              39.8619992
            ],
            [
              32.6363812,
              39.861641
            ],
            [
              32.6363637,
              39.8615136
            ],
            [
              32.6363543,
              39.86138
            ],
            [
              32.6363554,
              39.8612372
            ],
            [
              32.6363652,
              39.8602317
            ],
            [
              32.636306,
              39.8602376
            ],
            [
              32.6355694,
              39.8603271
            ],
            [
              32.6355257,
              39.8601508
            ],
            [
              32.6353797,
              39.8594751
            ],
            [
              32.6353983,
              39.8591012
            ],
            [
              32.6354001,
              39.8590069
            ],
            [
              32.6354045,
              39.8589147
            ],
            [
              32.6354397,
              39.8587874
            ],
            [
              32.6354917,
              39.8579339
            ],
            [
              32.6354903,
              39.8578958
            ],
            [
              32.6354756,
              39.8578585
            ],
            [
              32.6354576,
              39.8578332
            ],
            [
              32.6354265,
              39.8578051
            ],
            [
              32.6353829,
              39.8577797
            ],
            [
              32.6351737,
              39.8577092
            ],
            [
              32.6342047,
              39.857383
            ],
            [
              32.6342558,
              39.8571831
            ],
            [
              32.634327,
              39.8569042
            ],
            [
              32.6343408,
              39.8568576
            ],
            [
              32.6317782,
              39.8563265
            ],
            [
              32.6316392,
              39.856289
            ],
            [
              32.6314908,
              39.856244
            ],
            [
              32.631298,
              39.8561537
            ],
            [
              32.6309155,
              39.8559529
            ],
            [
              32.6307719,
              39.8558632
            ],
            [
              32.6304722,
              39.8556058
            ],
            [
              32.6300275,
              39.855227
            ],
            [
              32.6298423,
              39.8550584
            ],
            [
              32.6294083,
              39.8546767
            ],
            [
              32.6291137,
              39.8544158
            ],
            [
              32.6289343,
              39.8542387
            ],
            [
              32.6284013,
              39.8537387
            ],
            [
              32.6273876,
              39.8528768
            ],
            [
              32.6265211,
              39.8522409
            ],
            [
              32.6267162,
              39.8518465
            ],
            [
              32.6270409,
              39.8512594
            ],
            [
              32.6273212,
              39.8508136
            ],
            [
              32.627521,
              39.8505356
            ],
            [
              32.6277892,
              39.8501886
            ],
            [
              32.628327,
              39.8495647
            ],
            [
              32.628838,
              39.8490612
            ],
            [
              32.6291625,
              39.8487667
            ],
            [
              32.6294911,
              39.848496
            ],
            [
              32.6298183,
              39.8482396
            ],
            [
              32.6303038,
              39.8478864
            ],
            [
              32.6306914,
              39.8476331
            ],
            [
              32.631142,
              39.84735
            ],
            [
              32.6315886,
              39.8470957
            ],
            [
              32.6321357,
              39.8467816
            ],
            [
              32.6327218,
              39.846482
            ],
            [
              32.6331738,
              39.8462513
            ],
            [
              32.6338215,
              39.8459332
            ],
            [
              32.6350634,
              39.8453514
            ],
            [
              32.6369946,
              39.8444278
            ],
            [
              32.6378864,
              39.8439727
            ],
            [
              32.6383504,
              39.8437235
            ],
            [
              32.6390505,
              39.843324
            ],
            [
              32.6395829,
              39.8429862
            ],
            [
              32.6400005,
              39.8426842
            ],
            [
              32.6405382,
              39.8423108
            ],
            [
              32.6410782,
              39.8418868
            ],
            [
              32.6417041,
              39.8413425
            ],
            [
              32.642324,
              39.8407253
            ],
            [
              32.6429028,
              39.8400686
            ],
            [
              32.6431052,
              39.8398074
            ],
            [
              32.6434001,
              39.8394227
            ],
            [
              32.6438208,
              39.8388683
            ],
            [
              32.6440595,
              39.8384986
            ],
            [
              32.6443264,
              39.8380455
            ],
            [
              32.6445571,
              39.8376274
            ],
            [
              32.6447958,
              39.8371187
            ],
            [
              32.6450171,
              39.8365843
            ],
            [
              32.6451608,
              39.8361442
            ],
            [
              32.6454033,
              39.8354422
            ],
            [
              32.6455186,
              39.8350107
            ],
            [
              32.6456045,
              39.8346039
            ],
            [
              32.6456903,
              39.8341158
            ],
            [
              32.6457714,
              39.8335689
            ],
            [
              32.6458284,
              39.8330211
            ],
            [
              32.6458673,
              39.832572
            ],
            [
              32.6459411,
              39.8317698
            ],
            [
              32.6460055,
              39.8309644
            ],
            [
              32.646051,
              39.8300025
            ],
            [
              32.646094,
              39.8293217
            ],
            [
              32.6461101,
              39.8286863
            ],
            [
              32.6461503,
              39.8275863
            ],
            [
              32.6461664,
              39.8265131
            ],
            [
              32.6461583,
              39.8254445
            ],
            [
              32.6461329,
              39.8241025
            ],
            [
              32.6460832,
              39.8227629
            ],
            [
              32.6460336,
              39.8219194
            ],
            [
              32.6459733,
              39.8209326
            ],
            [
              32.6459089,
              39.820125
            ],
            [
              32.6457775,
              39.8189013
            ],
            [
              32.6456863,
              39.8181226
            ],
            [
              32.6455586,
              39.8169049
            ],
            [
              32.6453778,
              39.8157287
            ],
            [
              32.645296,
              39.8151982
            ],
            [
              32.6451659,
              39.8144086
            ],
            [
              32.6450264,
              39.8136159
            ],
            [
              32.6448789,
              39.8128309
            ],
            [
              32.644604,
              39.8114525
            ],
            [
              32.6443009,
              39.8101154
            ],
            [
              32.6441856,
              39.8096209
            ],
            [
              32.6440917,
              39.8091799
            ],
            [
              32.6440287,
              39.808774
            ],
            [
              32.6439643,
              39.8082641
            ],
            [
              32.6439187,
              39.8076758
            ],
            [
              32.6439321,
              39.8072658
            ],
            [
              32.6439549,
              39.8067754
            ],
            [
              32.6439844,
              39.8064879
            ],
            [
              32.6440206,
              39.8062499
            ],
            [
              32.6440676,
              39.8059429
            ],
            [
              32.6441896,
              39.8054041
            ],
            [
              32.644321,
              39.8049199
            ],
            [
              32.6444645,
              39.8044902
            ],
            [
              32.6446241,
              39.8040338
            ],
            [
              32.6448038,
              39.8036361
            ],
            [
              32.645005,
              39.8032426
            ],
            [
              32.6452021,
              39.8028747
            ],
            [
              32.645347,
              39.8026326
            ],
            [
              32.6454905,
              39.802409
            ],
            [
              32.6457734,
              39.801999
            ],
            [
              32.6460296,
              39.8016497
            ],
            [
              32.6462683,
              39.801355
            ],
            [
              32.6465768,
              39.8010016
            ],
            [
              32.6468705,
              39.8006915
            ],
            [
              32.6471548,
              39.800402
            ],
            [
              32.6473895,
              39.8001804
            ],
            [
              32.6476362,
              39.7999589
            ],
            [
              32.6479836,
              39.7996776
            ],
            [
              32.6482666,
              39.799452
            ],
            [
              32.6486756,
              39.799147
            ],
            [
              32.649377,
              39.7986823
            ],
            [
              32.6497887,
              39.7984464
            ],
            [
              32.6502058,
              39.7982104
            ],
            [
              32.6506349,
              39.7979847
            ],
            [
              32.6510949,
              39.7977632
            ],
            [
              32.652251,
              39.7972109
            ],
            [
              32.653297,
              39.7967184
            ],
            [
              32.6537651,
              39.7964876
            ],
            [
              32.654445,
              39.7961249
            ],
            [
              32.6550874,
              39.7957642
            ],
            [
              32.6555501,
              39.7954912
            ],
            [
              32.655821,
              39.7953212
            ],
            [
              32.6561871,
              39.7950852
            ],
            [
              32.6565063,
              39.7948812
            ],
            [
              32.6569717,
              39.7945545
            ],
            [
              32.6572962,
              39.794333
            ],
            [
              32.6576811,
              39.7940548
            ],
            [
              32.658015,
              39.7937858
            ],
            [
              32.6583986,
              39.793487
            ],
            [
              32.6588599,
              39.7930975
            ],
            [
              32.6591282,
              39.7928594
            ],
            [
              32.6593776,
              39.7926451
            ],
            [
              32.6596619,
              39.7923751
            ],
            [
              32.6599851,
              39.7920629
            ],
            [
              32.6603137,
              39.7917239
            ],
            [
              32.6607777,
              39.7912282
            ],
            [
              32.6611076,
              39.7908438
            ],
            [
              32.6615502,
              39.7903162
            ],
            [
              32.661856,
              39.7899339
            ],
            [
              32.6621336,
              39.7895825
            ],
            [
              32.662776,
              39.7886674
            ],
            [
              32.6631448,
              39.7880584
            ],
            [
              32.6634599,
              39.7875287
            ],
            [
              32.6637362,
              39.7869753
            ],
            [
              32.6653677,
              39.7873791
            ],
            [
              32.6655048,
              39.787413
            ],
            [
              32.6657591,
              39.7879765
            ],
            [
              32.6697195,
              39.7967488
            ],
            [
              32.6684992,
              39.7979597
            ],
            [
              32.6714038,
              39.7999884
            ],
            [
              32.6742872,
              39.8080601
            ],
            [
              32.6767828,
              39.8077959
            ],
            [
              32.6771882,
              39.8089356
            ],
            [
              32.678213,
              39.8122461
            ],
            [
              32.6783264,
              39.8126977
            ],
            [
              32.6785057,
              39.8141323
            ],
            [
              32.6785225,
              39.8143775
            ],
            [
              32.6785959,
              39.8153792
            ],
            [
              32.6784484,
              39.8176858
            ],
            [
              32.6783594,
              39.8190786
            ],
            [
              32.678324,
              39.8191715
            ],
            [
              32.6789474,
              39.8191949
            ],
            [
              32.6803256,
              39.8192467
            ],
            [
              32.680008,
              39.8202302
            ],
            [
              32.6808275,
              39.8202775
            ],
            [
              32.6806884,
              39.82139
            ],
            [
              32.6819355,
              39.8213999
            ],
            [
              32.6819621,
              39.8216581
            ],
            [
              32.6820311,
              39.8219055
            ],
            [
              32.6822298,
              39.8221438
            ],
            [
              32.6819384,
              39.8225633
            ],
            [
              32.683113,
              39.8231446
            ],
            [
              32.6830225,
              39.8232957
            ],
            [
              32.6829125,
              39.8234394
            ],
            [
              32.6828073,
              39.8235493
            ],
            [
              32.6826924,
              39.8236592
            ],
            [
              32.6842869,
              39.8237097
            ],
            [
              32.6844576,
              39.8237504
            ],
            [
              32.6847871,
              39.823904
            ],
            [
              32.6849518,
              39.823904
            ],
            [
              32.6873936,
              39.8216084
            ],
            [
              32.6890807,
              39.8228556
            ],
            [
              32.6940707,
              39.8268297
            ],
            [
              32.6981725,
              39.8249607
            ],
            [
              32.6984968,
              39.8247219
            ],
            [
              32.6989305,
              39.8244025
            ],
            [
              32.7017968,
              39.8232556
            ],
            [
              32.7020077,
              39.8232051
            ],
            [
              32.7038967,
              39.8227678
            ],
            [
              32.7042851,
              39.8227357
            ],
            [
              32.7053019,
              39.8227249
            ],
            [
              32.7067332,
              39.8226964
            ],
            [
              32.7069304,
              39.8227113
            ],
            [
              32.7070919,
              39.8227424
            ],
            [
              32.7072627,
              39.8227914
            ],
            [
              32.7074338,
              39.8228572
            ],
            [
              32.7083548,
              39.8232958
            ],
            [
              32.7096148,
              39.8238621
            ],
            [
              32.7090831,
              39.8244917
            ],
            [
              32.7115355,
              39.8248314
            ],
            [
              32.7127262,
              39.8256446
            ],
            [
              32.7138814,
              39.8257467
            ],
            [
              32.7141636,
              39.8263879
            ],
            [
              32.7144165,
              39.829328
            ],
            [
              32.7109229,
              39.8316833
            ],
            [
              32.7116583,
              39.8318538
            ],
            [
              32.711972,
              39.8319018
            ],
            [
              32.7134775,
              39.8322866
            ],
            [
              32.7149795,
              39.8327542
            ],
            [
              32.7183423,
              39.8338127
            ],
            [
              32.7295591,
              39.8339507
            ],
            [
              32.7314555,
              39.8329558
            ],
            [
              32.7335736,
              39.830803
            ],
            [
              32.7339228,
              39.8295
            ],
            [
              32.7344256,
              39.8295396
            ],
            [
              32.7348212,
              39.8295272
            ],
            [
              32.7353897,
              39.8294392
            ],
            [
              32.7365381,
              39.8291249
            ],
            [
              32.7377521,
              39.8287845
            ],
            [
              32.7381674,
              39.8286933
            ],
            [
              32.7386182,
              39.8286305
            ],
            [
              32.7391979,
              39.8285873
            ],
            [
              32.7399177,
              39.8286044
            ],
            [
              32.7407776,
              39.828709
            ],
            [
              32.7413554,
              39.8288157
            ],
            [
              32.7426726,
              39.8290178
            ],
            [
              32.744201,
              39.8293096
            ],
            [
              32.7463954,
              39.8301918
            ],
            [
              32.747666,
              39.8306982
            ],
            [
              32.7490255,
              39.8312453
            ],
            [
              32.7502817,
              39.8317541
            ],
            [
              32.7531185,
              39.8328857
            ],
            [
              32.7556087,
              39.8338635
            ],
            [
              32.7589341,
              39.8351256
            ],
            [
              32.7618273,
              39.8362366
            ],
            [
              32.7620755,
              39.8363277
            ],
            [
              32.7622677,
              39.8363874
            ],
            [
              32.7624812,
              39.8364333
            ],
            [
              32.7626907,
              39.8364642
            ],
            [
              32.7628717,
              39.8364789
            ],
            [
              32.7630641,
              39.8364905
            ],
            [
              32.763254,
              39.8364849
            ],
            [
              32.7634701,
              39.836469
            ],
            [
              32.7636552,
              39.8364438
            ],
            [
              32.7639045,
              39.8364005
            ],
            [
              32.7647084,
              39.8362178
            ],
            [
              32.7649791,
              39.8361458
            ],
            [
              32.7651357,
              39.8348606
            ],
            [
              32.7654633,
              39.8321123
            ],
            [
              32.7658465,
              39.8321904
            ],
            [
              32.7700541,
              39.8339928
            ],
            [
              32.7709409,
              39.8348214
            ],
            [
              32.7726509,
              39.8364301
            ],
            [
              32.7748978,
              39.8387091
            ],
            [
              32.7749902,
              39.8389358
            ],
            [
              32.7770359,
              39.8381685
            ],
            [
              32.7773045,
              39.8376442
            ],
            [
              32.7774332,
              39.8375741
            ],
            [
              32.7778879,
              39.8374668
            ],
            [
              32.779085,
              39.8364199
            ],
            [
              32.7801394,
              39.8354548
            ],
            [
              32.7803768,
              39.8353228
            ],
            [
              32.7810788,
              39.8346785
            ],
            [
              32.7811748,
              39.8344237
            ],
            [
              32.7815518,
              39.8339783
            ],
            [
              32.7817439,
              39.8338651
            ],
            [
              32.7821668,
              39.8338082
            ],
            [
              32.7830371,
              39.834109
            ],
            [
              32.7837922,
              39.8342295
            ],
            [
              32.7848255,
              39.8342192
            ],
            [
              32.7859581,
              39.8344059
            ],
            [
              32.7863899,
              39.8343133
            ],
            [
              32.7870436,
              39.8340653
            ],
            [
              32.7876419,
              39.8335604
            ],
            [
              32.7877384,
              39.8332306
            ],
            [
              32.7879428,
              39.833023
            ],
            [
              32.7882774,
              39.8328279
            ],
            [
              32.7884094,
              39.8327807
            ],
            [
              32.788567,
              39.8327315
            ],
            [
              32.788717,
              39.8326882
            ],
            [
              32.7888233,
              39.8326403
            ],
            [
              32.7889082,
              39.8325892
            ],
            [
              32.7889811,
              39.8325202
            ],
            [
              32.7890383,
              39.8324111
            ],
            [
              32.789118,
              39.8323597
            ],
            [
              32.7892161,
              39.8323185
            ],
            [
              32.7893345,
              39.8322598
            ],
            [
              32.7895007,
              39.8322263
            ],
            [
              32.7897903,
              39.8320599
            ],
            [
              32.7898976,
              39.8319732
            ],
            [
              32.7899831,
              39.8318685
            ],
            [
              32.7900157,
              39.8318059
            ],
            [
              32.7900905,
              39.8316494
            ],
            [
              32.7901359,
              39.8313858
            ],
            [
              32.790217,
              39.8311548
            ],
            [
              32.7902861,
              39.8310621
            ],
            [
              32.7903392,
              39.8310145
            ],
            [
              32.79041,
              39.8309742
            ],
            [
              32.7911636,
              39.8307384
            ],
            [
              32.7912843,
              39.8306708
            ],
            [
              32.7913318,
              39.830631
            ],
            [
              32.7916227,
              39.8302268
            ],
            [
              32.7916791,
              39.8301659
            ],
            [
              32.791755,
              39.8301084
            ],
            [
              32.7918307,
              39.8300809
            ],
            [
              32.7919665,
              39.8300706
            ],
            [
              32.7920786,
              39.8300698
            ],
            [
              32.7921465,
              39.8300623
            ],
            [
              32.79223,
              39.830024
            ],
            [
              32.7923754,
              39.8299246
            ],
            [
              32.7925172,
              39.829717
            ],
            [
              32.7925531,
              39.829663
            ],
            [
              32.7926243,
              39.8296099
            ],
            [
              32.7927401,
              39.8295801
            ],
            [
              32.7929031,
              39.8295624
            ],
            [
              32.793389,
              39.8294624
            ],
            [
              32.7934856,
              39.8294256
            ],
            [
              32.7936017,
              39.8293813
            ],
            [
              32.793787,
              39.8293009
            ],
            [
              32.7938771,
              39.8292236
            ],
            [
              32.7939051,
              39.8291501
            ],
            [
              32.7938841,
              39.8290718
            ],
            [
              32.7938388,
              39.8289751
            ],
            [
              32.7938226,
              39.8289143
            ],
            [
              32.793828,
              39.8284417
            ],
            [
              32.7960841,
              39.8280586
            ],
            [
              32.7958309,
              39.8266931
            ],
            [
              32.7961099,
              39.8246818
            ],
            [
              32.796303,
              39.8231255
            ],
            [
              32.7965288,
              39.821112
            ],
            [
              32.7966812,
              39.8197975
            ],
            [
              32.7967751,
              39.8191753
            ],
            [
              32.7968609,
              39.8187015
            ],
            [
              32.7969897,
              39.8182153
            ],
            [
              32.797215,
              39.817624
            ],
            [
              32.797569,
              39.8168947
            ],
            [
              32.797738,
              39.8166104
            ],
            [
              32.7979258,
              39.8163158
            ],
            [
              32.7987573,
              39.8152033
            ],
            [
              32.8018525,
              39.8111507
            ],
            [
              32.8022307,
              39.8105511
            ],
            [
              32.8023466,
              39.8105991
            ],
            [
              32.803714,
              39.8111651
            ],
            [
              32.8076049,
              39.8129236
            ],
            [
              32.8082559,
              39.8131655
            ],
            [
              32.8089909,
              39.813425
            ],
            [
              32.8097955,
              39.8136641
            ],
            [
              32.8106498,
              39.8138599
            ],
            [
              32.811312,
              39.8139845
            ],
            [
              32.8120208,
              39.8140949
            ],
            [
              32.8128042,
              39.8141838
            ],
            [
              32.8134088,
              39.8142266
            ],
            [
              32.8140345,
              39.814226
            ],
            [
              32.8146576,
              39.8141739
            ],
            [
              32.8174076,
              39.8140217
            ],
            [
              32.8205394,
              39.8159203
            ],
            [
              32.8201961,
              39.817964
            ],
            [
              32.8194236,
              39.8212602
            ],
            [
              32.8209685,
              39.8231719
            ],
            [
              32.8234576,
              39.8246881
            ],
            [
              32.8294014,
              39.8237982
            ],
            [
              32.8318583,
              39.8242596
            ],
            [
              32.8324484,
              39.8256274
            ],
            [
              32.8316974,
              39.8268798
            ],
            [
              32.8275561,
              39.8295082
            ],
            [
              32.8283822,
              39.8304599
            ],
            [
              32.8305568,
              39.8294157
            ],
            [
              32.8312646,
              39.8296005
            ],
            [
              32.8345065,
              39.8274152
            ],
            [
              32.8358656,
              39.8271761
            ],
            [
              32.8381731,
              39.8252734
            ],
            [
              32.8390508,
              39.8239252
            ],
            [
              32.8391551,
              39.82108
            ],
            [
              32.8406179,
              39.8200231
            ],
            [
              32.8433908,
              39.8202314
            ],
            [
              32.848091,
              39.8141403
            ],
            [
              32.8499793,
              39.8124261
            ],
            [
              32.850666,
              39.8111734
            ],
            [
              32.8528976,
              39.809657
            ],
            [
              32.8563823,
              39.8077534
            ],
            [
              32.8587835,
              39.8090478
            ],
            [
              32.8572543,
              39.8111304
            ],
            [
              32.8577702,
              39.8114621
            ],
            [
              32.8577203,
              39.8118301
            ],
            [
              32.8563921,
              39.8127193
            ],
            [
              32.8568153,
              39.8130168
            ],
            [
              32.854536,
              39.8147526
            ],
            [
              32.8543684,
              39.8190923
            ],
            [
              32.8553281,
              39.8194334
            ],
            [
              32.8576671,
              39.8196026
            ],
            [
              32.8580565,
              39.8198302
            ],
            [
              32.8591066,
              39.8207521
            ],
            [
              32.8595688,
              39.8208627
            ],
            [
              32.8593817,
              39.8209963
            ],
            [
              32.8604611,
              39.8220845
            ],
            [
              32.8595599,
              39.8221301
            ],
            [
              32.8595759,
              39.8224331
            ],
            [
              32.8605205,
              39.822354
            ],
            [
              32.8622907,
              39.8216392
            ],
            [
              32.8633448,
              39.8206853
            ],
            [
              32.8641335,
              39.8203208
            ],
            [
              32.8663972,
              39.8180629
            ],
            [
              32.8694642,
              39.8162852
            ],
            [
              32.8727571,
              39.8135181
            ],
            [
              32.8771493,
              39.8109385
            ],
            [
              32.8779737,
              39.8100766
            ],
            [
              32.8805503,
              39.8092983
            ],
            [
              32.8809204,
              39.8093637
            ],
            [
              32.8812248,
              39.809785
            ],
            [
              32.8831211,
              39.8101387
            ],
            [
              32.8849759,
              39.8097619
            ],
            [
              32.8855244,
              39.8094673
            ],
            [
              32.8856446,
              39.8082729
            ],
            [
              32.8866271,
              39.808267
            ],
            [
              32.8873176,
              39.8074877
            ],
            [
              32.8874727,
              39.8075333
            ],
            [
              32.8878027,
              39.8071024
            ],
            [
              32.8882194,
              39.8058848
            ],
            [
              32.8883589,
              39.8060106
            ],
            [
              32.8907847,
              39.8038495
            ],
            [
              32.893547,
              39.8027277
            ],
            [
              32.8935826,
              39.801803
            ],
            [
              32.8952774,
              39.8017343
            ],
            [
              32.8953651,
              39.8020351
            ],
            [
              32.8960853,
              39.8020766
            ],
            [
              32.8977947,
              39.8012863
            ],
            [
              32.8985503,
              39.8004752
            ],
            [
              32.9006505,
              39.7992579
            ],
            [
              32.9018461,
              39.7992971
            ],
            [
              32.9026784,
              39.7985796
            ],
            [
              32.9040959,
              39.7976766
            ],
            [
              32.9046084,
              39.7975399
            ],
            [
              32.9034604,
              39.7966375
            ],
            [
              32.9049318,
              39.794316
            ],
            [
              32.9054562,
              39.7938084
            ],
            [
              32.9065823,
              39.7938944
            ],
            [
              32.9084393,
              39.7929653
            ],
            [
              32.909446,
              39.7930539
            ],
            [
              32.9099582,
              39.7928146
            ],
            [
              32.910082,
              39.7929376
            ],
            [
              32.910568,
              39.7927152
            ],
            [
              32.91306,
              39.7931488
            ],
            [
              32.9138702,
              39.7924655
            ],
            [
              32.9155205,
              39.793326
            ],
            [
              32.916511,
              39.793279
            ],
            [
              32.9171897,
              39.7929017
            ],
            [
              32.9167025,
              39.7925131
            ],
            [
              32.9168424,
              39.7920108
            ],
            [
              32.916187,
              39.791817
            ],
            [
              32.9162181,
              39.7914403
            ],
            [
              32.9183737,
              39.791585
            ],
            [
              32.9182559,
              39.7914818
            ],
            [
              32.9191866,
              39.7907272
            ],
            [
              32.9183235,
              39.7896042
            ],
            [
              32.9193982,
              39.7892714
            ],
            [
              32.9210203,
              39.7891425
            ],
            [
              32.9216758,
              39.7896016
            ],
            [
              32.9230524,
              39.7895577
            ],
            [
              32.924475,
              39.7902678
            ],
            [
              32.9287712,
              39.791043
            ],
            [
              32.9289348,
              39.7902937
            ],
            [
              32.9279242,
              39.789723
            ],
            [
              32.9286042,
              39.788437
            ],
            [
              32.9285249,
              39.7865245
            ],
            [
              32.9261617,
              39.7852348
            ],
            [
              32.9267878,
              39.7849997
            ],
            [
              32.9257272,
              39.7829726
            ],
            [
              32.9261131,
              39.7828753
            ],
            [
              32.9262513,
              39.782017
            ],
            [
              32.9303935,
              39.78153
            ],
            [
              32.929294,
              39.7813724
            ],
            [
              32.9258372,
              39.779822
            ],
            [
              32.9261567,
              39.7779576
            ],
            [
              32.9336788,
              39.7749974
            ],
            [
              32.9378727,
              39.7705397
            ],
            [
              32.9308318,
              39.764412
            ],
            [
              32.9301757,
              39.7615718
            ],
            [
              32.9225497,
              39.7608598
            ],
            [
              32.9204875,
              39.7538159
            ],
            [
              32.9174834,
              39.746994
            ],
            [
              32.9100767,
              39.7438628
            ],
            [
              32.9063941,
              39.7391207
            ],
            [
              32.9013549,
              39.7381054
            ],
            [
              32.9049074,
              39.7367723
            ],
            [
              32.904167,
              39.7358782
            ],
            [
              32.9032636,
              39.7333666
            ],
            [
              32.9056276,
              39.7311887
            ],
            [
              32.908093,
              39.7303778
            ],
            [
              32.9106616,
              39.7301618
            ],
            [
              32.9120476,
              39.7301045
            ],
            [
              32.9148967,
              39.7297333
            ],
            [
              32.9184077,
              39.7299405
            ],
            [
              32.9192643,
              39.7305965
            ],
            [
              32.9198657,
              39.7305601
            ],
            [
              32.9200289,
              39.7315164
            ],
            [
              32.9206675,
              39.7304325
            ],
            [
              32.9223077,
              39.7296307
            ],
            [
              32.9225567,
              39.7291732
            ],
            [
              32.923515,
              39.7286569
            ],
            [
              32.9237109,
              39.7291204
            ],
            [
              32.9273128,
              39.7277194
            ],
            [
              32.9304538,
              39.727954
            ],
            [
              32.9315391,
              39.7284228
            ],
            [
              32.9335883,
              39.727462
            ],
            [
              32.9338982,
              39.7286101
            ],
            [
              32.9348609,
              39.728712
            ],
            [
              32.9352741,
              39.7280816
            ],
            [
              32.9355019,
              39.7272251
            ],
            [
              32.9353342,
              39.727101
            ],
            [
              32.9361944,
              39.7258401
            ],
            [
              32.9374154,
              39.7233707
            ],
            [
              32.9376432,
              39.7230882
            ],
            [
              32.9382512,
              39.7228024
            ],
            [
              32.9382081,
              39.7221406
            ],
            [
              32.9388186,
              39.7217396
            ],
            [
              32.9382355,
              39.7216941
            ],
            [
              32.9392196,
              39.7207373
            ],
            [
              32.9389189,
              39.719735
            ],
            [
              32.9391285,
              39.7196712
            ],
            [
              32.9395203,
              39.7198899
            ],
            [
              32.9406046,
              39.7195528
            ],
            [
              32.9397088,
              39.7192804
            ],
            [
              32.9404224,
              39.7189969
            ],
            [
              32.9388095,
              39.7182953
            ],
            [
              32.9396661,
              39.7181951
            ],
            [
              32.9394781,
              39.717576
            ],
            [
              32.9420625,
              39.7161813
            ],
            [
              32.9455798,
              39.7150332
            ],
            [
              32.9465227,
              39.7150077
            ],
            [
              32.9485814,
              39.7140947
            ],
            [
              32.9487143,
              39.7124363
            ],
            [
              32.9479104,
              39.7114517
            ],
            [
              32.9486778,
              39.7111606
            ],
            [
              32.9492337,
              39.7108417
            ],
            [
              32.9505382,
              39.7095911
            ],
            [
              32.951703,
              39.7090649
            ],
            [
              32.9524229,
              39.7087004
            ],
            [
              32.9537623,
              39.7081172
            ],
            [
              32.9556501,
              39.7073736
            ],
            [
              32.9567055,
              39.7068415
            ],
            [
              32.958045,
              39.7058119
            ],
            [
              32.9589288,
              39.7052378
            ],
            [
              32.9595393,
              39.7050009
            ],
            [
              32.9597125,
              39.7047913
            ],
            [
              32.9611795,
              39.7040988
            ],
            [
              32.9631386,
              39.7032423
            ],
            [
              32.964232,
              39.7025953
            ],
            [
              32.9651614,
              39.7022035
            ],
            [
              32.9648243,
              39.7018846
            ],
            [
              32.9653619,
              39.7013014
            ],
            [
              32.9674019,
              39.6996509
            ],
            [
              32.9670294,
              39.7012559
            ],
            [
              32.9675306,
              39.7014837
            ],
            [
              32.9678369,
              39.7013073
            ],
            [
              32.9676217,
              39.7018664
            ],
            [
              32.9677696,
              39.7031248
            ],
            [
              32.9671409,
              39.7041352
            ],
            [
              32.9675306,
              39.7045544
            ],
            [
              32.9680226,
              39.7051922
            ],
            [
              32.9684782,
              39.7059121
            ],
            [
              32.968788,
              39.7065317
            ],
            [
              32.9697266,
              39.7065044
            ],
            [
              32.970597,
              39.7062004
            ],
            [
              32.9711822,
              39.7056633
            ],
            [
              32.9709202,
              39.7051011
            ],
            [
              32.9706314,
              39.7041765
            ],
            [
              32.9703826,
              39.7030418
            ],
            [
              32.9701822,
              39.7020942
            ],
            [
              32.9698177,
              39.7007092
            ],
            [
              32.9699817,
              39.6995064
            ],
            [
              32.970091,
              39.6971555
            ],
            [
              32.9703462,
              39.6963536
            ],
            [
              32.9712938,
              39.695406
            ],
            [
              32.9717219,
              39.6949089
            ],
            [
              32.9718712,
              39.6940474
            ],
            [
              32.9728246,
              39.6936291
            ],
            [
              32.9742735,
              39.69321
            ],
            [
              32.9767701,
              39.6925903
            ],
            [
              32.9781563,
              39.691996
            ],
            [
              32.9801507,
              39.6909593
            ],
            [
              32.981317,
              39.6901028
            ],
            [
              32.9826109,
              39.6887178
            ],
            [
              32.9836679,
              39.6881164
            ],
            [
              32.9854436,
              39.6876774
            ],
            [
              32.9869482,
              39.6871869
            ],
            [
              32.9881615,
              39.6866456
            ],
            [
              32.9896818,
              39.6858384
            ],
            [
              32.9920967,
              39.6838805
            ],
            [
              32.9937458,
              39.6825216
            ],
            [
              32.9946752,
              39.6819749
            ],
            [
              32.9961001,
              39.6817372
            ],
            [
              32.9975182,
              39.6814737
            ],
            [
              32.9997871,
              39.6805898
            ],
            [
              33.0025369,
              39.6796234
            ],
            [
              33.0013053,
              39.6786621
            ],
            [
              33.0023391,
              39.6781269
            ],
            [
              33.0025024,
              39.6778471
            ],
            [
              33.0025571,
              39.6775464
            ],
            [
              33.0027576,
              39.6772366
            ],
            [
              33.0031585,
              39.6766535
            ],
            [
              33.0029672,
              39.6762343
            ],
            [
              33.0030674,
              39.6757514
            ],
            [
              33.0040257,
              39.6751678
            ],
            [
              33.004498,
              39.6746761
            ],
            [
              33.0048078,
              39.674503
            ],
            [
              33.0050811,
              39.6742388
            ],
            [
              33.0053545,
              39.6741021
            ],
            [
              33.0054183,
              39.6737194
            ],
            [
              33.0057293,
              39.6734821
            ],
            [
              33.0060015,
              39.6734916
            ],
            [
              33.0061472,
              39.6731636
            ],
            [
              33.0063477,
              39.6729722
            ],
            [
              33.0068124,
              39.6730451
            ],
            [
              33.0069673,
              39.6726259
            ],
            [
              33.0072954,
              39.6726715
            ],
            [
              33.0072225,
              39.6723799
            ],
            [
              33.0074776,
              39.6722068
            ],
            [
              33.0077361,
              39.6722906
            ],
            [
              33.0079332,
              39.6722888
            ],
            [
              33.0079696,
              39.6718879
            ],
            [
              33.0083068,
              39.6718423
            ],
            [
              33.0087168,
              39.6721886
            ],
            [
              33.0091633,
              39.6723435
            ],
            [
              33.0093182,
              39.6719425
            ],
            [
              33.0096918,
              39.6720883
            ],
            [
              33.0098012,
              39.6719881
            ],
            [
              33.0099561,
              39.6717694
            ],
            [
              33.0106395,
              39.6717694
            ],
            [
              33.0110859,
              39.6713229
            ],
            [
              33.0114869,
              39.6710678
            ],
            [
              33.0119151,
              39.6710951
            ],
            [
              33.0122928,
              39.6712063
            ],
            [
              33.0128381,
              39.6713521
            ],
            [
              33.0131635,
              39.670922
            ],
            [
              33.0136464,
              39.6708309
            ],
            [
              33.014391,
              39.6710718
            ],
            [
              33.0150406,
              39.6698286
            ],
            [
              33.0162261,
              39.6682037
            ],
            [
              33.0171545,
              39.6677328
            ],
            [
              33.0172393,
              39.6675725
            ],
            [
              33.016462,
              39.6672043
            ],
            [
              33.0190858,
              39.665324
            ],
            [
              33.0192868,
              39.6654912
            ],
            [
              33.0194644,
              39.6653637
            ],
            [
              33.0197424,
              39.6656279
            ],
            [
              33.0200977,
              39.6660015
            ],
            [
              33.0209451,
              39.6654001
            ],
            [
              33.022075,
              39.6648807
            ],
            [
              33.0223575,
              39.6651541
            ],
            [
              33.0204086,
              39.6665292
            ],
            [
              33.0224122,
              39.6671952
            ],
            [
              33.023743,
              39.6660234
            ],
            [
              33.0248633,
              39.6659924
            ],
            [
              33.0251731,
              39.6657646
            ],
            [
              33.0251275,
              39.665555
            ],
            [
              33.0251275,
              39.6653819
            ],
            [
              33.0252369,
              39.6651632
            ],
            [
              33.0254647,
              39.6650356
            ],
            [
              33.0252642,
              39.664817
            ],
            [
              33.0252032,
              39.6646176
            ],
            [
              33.0252642,
              39.6642065
            ],
            [
              33.0250729,
              39.6638602
            ],
            [
              33.0252187,
              39.6635504
            ],
            [
              33.0256882,
              39.6634442
            ],
            [
              33.0259932,
              39.6634046
            ],
            [
              33.0262392,
              39.6633135
            ],
            [
              33.0261845,
              39.6630675
            ],
            [
              33.0265308,
              39.6629946
            ],
            [
              33.0263941,
              39.662785
            ],
            [
              33.0265581,
              39.6623112
            ],
            [
              33.0269775,
              39.6620568
            ],
            [
              33.0266493,
              39.6617189
            ],
            [
              33.0266128,
              39.6609899
            ],
            [
              33.0277626,
              39.6582726
            ],
            [
              33.0311023,
              39.6609354
            ],
            [
              33.0339292,
              39.659758
            ],
            [
              33.0348085,
              39.6611085
            ],
            [
              33.0356264,
              39.6616476
            ],
            [
              33.0346138,
              39.6624292
            ],
            [
              33.0395801,
              39.6654326
            ],
            [
              33.039503,
              39.6657345
            ],
            [
              33.0404244,
              39.6660832
            ],
            [
              33.040263,
              39.6669664
            ],
            [
              33.0424451,
              39.6681368
            ],
            [
              33.0435804,
              39.6699645
            ],
            [
              33.0486592,
              39.6760398
            ],
            [
              33.0573015,
              39.6772053
            ],
            [
              33.0588312,
              39.6791839
            ],
            [
              33.0580808,
              39.6811667
            ],
            [
              33.0588802,
              39.6818688
            ],
            [
              33.058265,
              39.6824698
            ],
            [
              33.0598421,
              39.6834301
            ],
            [
              33.0554386,
              39.6891215
            ],
            [
              33.0567842,
              39.6901122
            ],
            [
              33.055999,
              39.6913967
            ],
            [
              33.0572893,
              39.6919248
            ],
            [
              33.0557955,
              39.6937468
            ],
            [
              33.0616701,
              39.6976803
            ],
            [
              33.0619646,
              39.6985361
            ],
            [
              33.0704296,
              39.703348
            ],
            [
              33.0706298,
              39.7056121
            ],
            [
              33.065937,
              39.7089786
            ],
            [
              33.0636848,
              39.7102285
            ],
            [
              33.0593599,
              39.7116797
            ],
            [
              33.0582345,
              39.7120573
            ],
            [
              33.0599263,
              39.7125001
            ],
            [
              33.0616302,
              39.7130286
            ],
            [
              33.0630335,
              39.7135206
            ],
            [
              33.0637366,
              39.7139908
            ],
            [
              33.0667653,
              39.7161755
            ],
            [
              33.069227,
              39.717559
            ],
            [
              33.072511,
              39.7190111
            ],
            [
              33.0747336,
              39.7204784
            ],
            [
              33.0796129,
              39.7208522
            ],
            [
              33.0882246,
              39.7225779
            ],
            [
              33.0937485,
              39.7234663
            ],
            [
              33.0946439,
              39.7236899
            ],
            [
              33.0954608,
              39.7238524
            ],
            [
              33.0958033,
              39.7240959
            ],
            [
              33.0960141,
              39.7242683
            ],
            [
              33.0963568,
              39.7244104
            ],
            [
              33.0983428,
              39.7248348
            ],
            [
              33.0989138,
              39.7250268
            ],
            [
              33.099529,
              39.7244737
            ],
            [
              33.1010803,
              39.7247522
            ],
            [
              33.1013605,
              39.724952
            ],
            [
              33.1020527,
              39.725656
            ],
            [
              33.1025141,
              39.7262322
            ],
            [
              33.1026615,
              39.7262721
            ],
            [
              33.1027859,
              39.7259941
            ],
            [
              33.1029315,
              39.7257294
            ],
            [
              33.1030161,
              39.7254473
            ],
            [
              33.1049414,
              39.7259469
            ],
            [
              33.1090073,
              39.7243199
            ],
            [
              33.1110743,
              39.7232413
            ],
            [
              33.1137489,
              39.7221422
            ],
            [
              33.1160471,
              39.7278629
            ],
            [
              33.1157009,
              39.7290566
            ],
            [
              33.1155642,
              39.729494
            ],
            [
              33.1154093,
              39.7298676
            ],
            [
              33.1151633,
              39.7301683
            ],
            [
              33.1142429,
              39.7306785
            ],
            [
              33.1135595,
              39.7310703
            ],
            [
              33.1132315,
              39.7314713
            ],
            [
              33.1132862,
              39.7320818
            ],
            [
              33.1137256,
              39.7332289
            ],
            [
              33.1140963,
              39.7342919
            ],
            [
              33.1148291,
              39.7352795
            ],
            [
              33.1149901,
              39.7361275
            ],
            [
              33.1150387,
              39.7375521
            ],
            [
              33.1154126,
              39.7393828
            ],
            [
              33.1203885,
              39.7427312
            ],
            [
              33.1238652,
              39.742916
            ],
            [
              33.1324233,
              39.7436656
            ],
            [
              33.1382328,
              39.7496631
            ],
            [
              33.14353,
              39.7501169
            ],
            [
              33.1399235,
              39.7563882
            ],
            [
              33.1278903,
              39.7632703
            ],
            [
              33.1025156,
              39.7611886
            ],
            [
              33.0911783,
              39.7722289
            ],
            [
              33.0918055,
              39.7751646
            ],
            [
              33.0834182,
              39.7791336
            ],
            [
              33.0818771,
              39.7841387
            ],
            [
              33.0817131,
              39.7896423
            ],
            [
              33.0810206,
              39.794089
            ],
            [
              33.0791211,
              39.7932361
            ],
            [
              33.0671978,
              39.7883906
            ],
            [
              33.0607566,
              39.7882523
            ],
            [
              33.057003,
              39.7916878
            ],
            [
              33.0511991,
              39.7913762
            ],
            [
              33.0422448,
              39.7956221
            ],
            [
              33.0391378,
              39.7941957
            ],
            [
              33.0324484,
              39.7955718
            ],
            [
              33.0281169,
              39.797716
            ],
            [
              33.0273984,
              39.8007762
            ],
            [
              33.0273144,
              39.7996108
            ],
            [
              33.0259203,
              39.7981802
            ],
            [
              33.0238336,
              39.7979069
            ],
            [
              33.0235951,
              39.7974666
            ],
            [
              33.021424,
              39.7964612
            ],
            [
              33.0187036,
              39.7956107
            ],
            [
              33.0185487,
              39.7959022
            ],
            [
              33.0185942,
              39.7962212
            ],
            [
              33.0182389,
              39.796449
            ],
            [
              33.0178015,
              39.7962485
            ],
            [
              33.017303,
              39.795696
            ],
            [
              33.0149039,
              39.7944808
            ],
            [
              33.0144665,
              39.7941345
            ],
            [
              33.0120759,
              39.7937127
            ],
            [
              33.0119607,
              39.7931595
            ],
            [
              33.0108855,
              39.7932233
            ],
            [
              33.0102841,
              39.7925581
            ],
            [
              33.0090307,
              39.7922691
            ],
            [
              33.0092392,
              39.7916692
            ],
            [
              33.0043522,
              39.7915103
            ],
            [
              33.0052651,
              39.7904281
            ],
            [
              33.0040378,
              39.7900478
            ],
            [
              33.0037736,
              39.7891821
            ],
            [
              33.0030492,
              39.7891776
            ],
            [
              33.0029307,
              39.7896241
            ],
            [
              33.0004643,
              39.7904973
            ],
            [
              33.001007,
              39.7894147
            ],
            [
              32.9969967,
              39.7894129
            ],
            [
              32.9958252,
              39.7886353
            ],
            [
              32.9952331,
              39.7883477
            ],
            [
              32.9939206,
              39.7889691
            ],
            [
              32.9939174,
              39.7909954
            ],
            [
              32.9907416,
              39.7910613
            ],
            [
              32.984738,
              39.7937259
            ],
            [
              32.9862156,
              39.7970206
            ],
            [
              32.9883901,
              39.8000138
            ],
            [
              32.9888052,
              39.8025049
            ],
            [
              32.9896805,
              39.8029957
            ],
            [
              32.9895725,
              39.8037112
            ],
            [
              32.9900281,
              39.8046224
            ],
            [
              32.9912883,
              39.8056654
            ],
            [
              32.9919245,
              39.806015
            ],
            [
              32.9918049,
              39.8063628
            ],
            [
              32.994559,
              39.8067156
            ],
            [
              32.9950431,
              39.8068588
            ],
            [
              32.9948086,
              39.8082477
            ],
            [
              32.9946808,
              39.8090556
            ],
            [
              32.993764,
              39.8089689
            ],
            [
              32.9936601,
              39.809865
            ],
            [
              32.9908482,
              39.8099347
            ],
            [
              32.9903744,
              39.8102719
            ],
            [
              32.9890896,
              39.8101716
            ],
            [
              32.9884668,
              39.8110025
            ],
            [
              32.9872297,
              39.8130994
            ],
            [
              32.986602,
              39.815288
            ],
            [
              32.9866654,
              39.8158678
            ],
            [
              32.9871761,
              39.8164544
            ],
            [
              32.9868389,
              39.8167778
            ],
            [
              32.9871214,
              39.8175114
            ],
            [
              32.9863312,
              39.8180495
            ],
            [
              32.9851889,
              39.817961
            ],
            [
              32.9851942,
              39.8193019
            ],
            [
              32.9843286,
              39.8198213
            ],
            [
              32.983873,
              39.8199215
            ],
            [
              32.9842739,
              39.8202222
            ],
            [
              32.9838918,
              39.8216932
            ],
            [
              32.9852038,
              39.8232835
            ],
            [
              32.9826789,
              39.8239496
            ],
            [
              32.9808015,
              39.8267653
            ],
            [
              32.9792944,
              39.8263616
            ],
            [
              32.9791119,
              39.8268557
            ],
            [
              32.9791757,
              39.8276576
            ],
            [
              32.9784582,
              39.8281076
            ],
            [
              32.979676,
              39.8291485
            ],
            [
              32.9788036,
              39.8300012
            ],
            [
              32.9775761,
              39.8305224
            ],
            [
              32.9769199,
              39.8304777
            ],
            [
              32.9760321,
              39.8307921
            ],
            [
              32.9749842,
              39.8310199
            ],
            [
              32.9738468,
              39.8315946
            ],
            [
              32.9732802,
              39.8318491
            ],
            [
              32.9727062,
              39.8318856
            ],
            [
              32.9724693,
              39.8321316
            ],
            [
              32.9715581,
              39.8325963
            ],
            [
              32.971148,
              39.8331248
            ],
            [
              32.9708719,
              39.8338418
            ],
            [
              32.9709041,
              39.8343527
            ],
            [
              32.9704749,
              39.8358521
            ],
            [
              32.9683613,
              39.8368489
            ],
            [
              32.9675674,
              39.8375245
            ],
            [
              32.9672776,
              39.8376317
            ],
            [
              32.967075,
              39.8378812
            ],
            [
              32.9672572,
              39.8385373
            ],
            [
              32.9703891,
              39.8428956
            ],
            [
              32.9685974,
              39.8450868
            ],
            [
              32.9683399,
              39.8451609
            ],
            [
              32.9683292,
              39.8454616
            ],
            [
              32.9680395,
              39.8458858
            ],
            [
              32.9668218,
              39.8468372
            ],
            [
              32.966634,
              39.8472038
            ],
            [
              32.9664382,
              39.8473006
            ],
            [
              32.9659501,
              39.8472923
            ],
            [
              32.9659259,
              39.8474632
            ],
            [
              32.9650328,
              39.8469278
            ],
            [
              32.9647297,
              39.8464459
            ],
            [
              32.9647994,
              39.8454575
            ],
            [
              32.9650837,
              39.8448397
            ],
            [
              32.9650462,
              39.8445926
            ],
            [
              32.9640698,
              39.8444278
            ],
            [
              32.9626912,
              39.8442754
            ],
            [
              32.9621172,
              39.8439871
            ],
            [
              32.9617417,
              39.8436082
            ],
            [
              32.9614788,
              39.8429492
            ],
            [
              32.960878,
              39.8427926
            ],
            [
              32.9596442,
              39.8426567
            ],
            [
              32.9589763,
              39.8424405
            ],
            [
              32.9584962,
              39.8424075
            ],
            [
              32.9578364,
              39.8424858
            ],
            [
              32.9572141,
              39.8427391
            ],
            [
              32.9557174,
              39.8438223
            ],
            [
              32.9550308,
              39.8440571
            ],
            [
              32.9536575,
              39.8440118
            ],
            [
              32.9527134,
              39.8443207
            ],
            [
              32.9521769,
              39.8447079
            ],
            [
              32.9514527,
              39.8455893
            ],
            [
              32.9491728,
              39.850445
            ],
            [
              32.9489797,
              39.8517217
            ],
            [
              32.9483843,
              39.853612
            ],
            [
              32.9477513,
              39.8547856
            ],
            [
              32.9462278,
              39.8576682
            ],
            [
              32.9464638,
              39.8595254
            ],
            [
              32.9461634,
              39.8603407
            ],
            [
              32.9453587,
              39.8624243
            ],
            [
              32.944597,
              39.8631161
            ],
            [
              32.9441571,
              39.8636349
            ],
            [
              32.9433632,
              39.8639972
            ],
            [
              32.9431325,
              39.8642813
            ],
            [
              32.9428213,
              39.8653602
            ],
            [
              32.9427248,
              39.8657883
            ],
            [
              32.9427463,
              39.8673694
            ],
            [
              32.9424512,
              39.8680117
            ],
            [
              32.9423171,
              39.8690122
            ],
            [
              32.941947,
              39.8701053
            ],
            [
              32.941786,
              39.8702453
            ],
            [
              32.9418343,
              39.8704162
            ],
            [
              32.9419309,
              39.8707044
            ],
            [
              32.9419845,
              39.8709267
            ],
            [
              32.9420221,
              39.8711285
            ],
            [
              32.9420114,
              39.8715031
            ],
            [
              32.9419792,
              39.8717337
            ],
            [
              32.9419255,
              39.8719107
            ],
            [
              32.9417378,
              39.8724336
            ],
            [
              32.941432,
              39.8731129
            ],
            [
              32.9412281,
              39.8734958
            ],
            [
              32.9399139,
              39.8731293
            ],
            [
              32.939077,
              39.8729441
            ],
            [
              32.9382241,
              39.8727712
            ],
            [
              32.9376447,
              39.87266
            ],
            [
              32.9368669,
              39.8725077
            ],
            [
              32.9361111,
              39.872355
            ],
            [
              32.9093994,
              39.8736198
            ],
            [
              32.9074321,
              39.8754333
            ],
            [
              32.899211,
              39.8812631
            ],
            [
              32.9002885,
              39.8818052
            ],
            [
              32.9019279,
              39.8827899
            ],
            [
              32.9020834,
              39.8830451
            ],
            [
              32.9032814,
              39.8838096
            ],
            [
              32.9036873,
              39.8842717
            ],
            [
              32.9040527,
              39.8844753
            ],
            [
              32.9044483,
              39.8849931
            ],
            [
              32.9046202,
              39.8851419
            ],
            [
              32.9046509,
              39.8852751
            ],
            [
              32.904648,
              39.8853985
            ],
            [
              32.9047382,
              39.8855577
            ],
            [
              32.9048233,
              39.8856527
            ],
            [
              32.904963,
              39.8857577
            ],
            [
              32.9049749,
              39.8857926
            ],
            [
              32.9050665,
              39.8858279
            ],
            [
              32.9051733,
              39.886227
            ],
            [
              32.9053734,
              39.8866786
            ],
            [
              32.905496,
              39.8869949
            ],
            [
              32.90557,
              39.8870445
            ],
            [
              32.9056223,
              39.8871154
            ],
            [
              32.9056131,
              39.8871934
            ],
            [
              32.9056624,
              39.88721
            ],
            [
              32.9056714,
              39.8872617
            ],
            [
              32.9056527,
              39.8873047
            ],
            [
              32.90569,
              39.8873835
            ],
            [
              32.9057834,
              39.8874946
            ],
            [
              32.9058208,
              39.8876021
            ],
            [
              32.9058115,
              39.8876917
            ],
            [
              32.9057601,
              39.8877741
            ],
            [
              32.9057881,
              39.8878529
            ],
            [
              32.9057694,
              39.8879783
            ],
            [
              32.9057975,
              39.8880643
            ],
            [
              32.9057181,
              39.8880536
            ],
            [
              32.9054846,
              39.8885947
            ],
            [
              32.905564,
              39.8888992
            ],
            [
              32.9056293,
              39.8889673
            ],
            [
              32.9055966,
              39.8890067
            ],
            [
              32.9055359,
              39.8890139
            ],
            [
              32.9054986,
              39.8892038
            ],
            [
              32.9053398,
              39.8894045
            ],
            [
              32.9053494,
              39.8894751
            ],
            [
              32.9052748,
              39.8895284
            ],
            [
              32.9052045,
              39.8904822
            ],
            [
              32.9052409,
              39.8905935
            ],
            [
              32.9051042,
              39.8908549
            ],
            [
              32.9049781,
              39.8909413
            ],
            [
              32.904671,
              39.8911677
            ],
            [
              32.9043813,
              39.8913951
            ],
            [
              32.907134,
              39.8926279
            ],
            [
              32.9069531,
              39.892711
            ],
            [
              32.9065727,
              39.8930003
            ],
            [
              32.9063849,
              39.8931886
            ],
            [
              32.90611,
              39.8934767
            ],
            [
              32.9059826,
              39.8936228
            ],
            [
              32.9059189,
              39.8936812
            ],
            [
              32.9058327,
              39.8937368
            ],
            [
              32.9057083,
              39.8937741
            ],
            [
              32.9052477,
              39.8938697
            ],
            [
              32.9049432,
              39.8939346
            ],
            [
              32.9046844,
              39.8940169
            ],
            [
              32.9044671,
              39.8940961
            ],
            [
              32.9042177,
              39.8941918
            ],
            [
              32.9039763,
              39.8942556
            ],
            [
              32.902953,
              39.8944985
            ],
            [
              32.9026986,
              39.8946226
            ],
            [
              32.9025015,
              39.8947201
            ],
            [
              32.9019058,
              39.8947485
            ],
            [
              32.9016043,
              39.8947865
            ],
            [
              32.9014092,
              39.8948541
            ],
            [
              32.901406,
              39.8948562
            ],
            [
              32.9012887,
              39.8949172
            ],
            [
              32.9012441,
              39.8949594
            ],
            [
              32.9012529,
              39.8950913
            ],
            [
              32.9011782,
              39.8951172
            ],
            [
              32.9012083,
              39.8951564
            ],
            [
              32.901227,
              39.8952249
            ],
            [
              32.9012606,
              39.8952917
            ],
            [
              32.9013249,
              39.8953895
            ],
            [
              32.9014175,
              39.8954903
            ],
            [
              32.9015073,
              39.8955623
            ],
            [
              32.9033178,
              39.896691
            ],
            [
              32.9034908,
              39.8968089
            ],
            [
              32.9035605,
              39.896867
            ],
            [
              32.9035874,
              39.8969009
            ],
            [
              32.9036437,
              39.8970254
            ],
            [
              32.9036973,
              39.8971613
            ],
            [
              32.9037523,
              39.8973372
            ],
            [
              32.9037738,
              39.8974318
            ],
            [
              32.9038221,
              39.8975183
            ],
            [
              32.9039468,
              39.8976788
            ],
            [
              32.9040514,
              39.8978269
            ],
            [
              32.9041211,
              39.8979741
            ],
            [
              32.9041842,
              39.8981696
            ],
            [
              32.9042485,
              39.8983589
            ],
            [
              32.9043612,
              39.8985821
            ],
            [
              32.9044846,
              39.898808
            ],
            [
              32.9045013,
              39.8988558
            ],
            [
              32.9045168,
              39.8989608
            ],
            [
              32.9045496,
              39.8992494
            ],
            [
              32.9045637,
              39.8993692
            ],
            [
              32.9045845,
              39.8994155
            ],
            [
              32.9046053,
              39.8994598
            ],
            [
              32.9047877,
              39.8996645
            ],
            [
              32.9047883,
              39.8997293
            ],
            [
              32.9047716,
              39.8997982
            ],
            [
              32.9047421,
              39.8998569
            ],
            [
              32.9046683,
              39.8999166
            ],
            [
              32.904498,
              39.8999963
            ],
            [
              32.9040534,
              39.9001501
            ],
            [
              32.9038194,
              39.9002386
            ],
            [
              32.9036484,
              39.9003327
            ],
            [
              32.9034868,
              39.9004475
            ],
            [
              32.9032803,
              39.9005853
            ],
            [
              32.9031582,
              39.9007232
            ],
            [
              32.9030348,
              39.9008919
            ],
            [
              32.9028417,
              39.9010843
            ],
            [
              32.9025681,
              39.9012417
            ],
            [
              32.9022878,
              39.9013827
            ],
            [
              32.9021658,
              39.9014351
            ],
            [
              32.902033,
              39.9014783
            ],
            [
              32.9019244,
              39.901502
            ],
            [
              32.9018332,
              39.9015102
            ],
            [
              32.9017138,
              39.9015144
            ],
            [
              32.9015154,
              39.9015154
            ],
            [
              32.9012136,
              39.9015046
            ],
            [
              32.9000214,
              39.9014506
            ],
            [
              32.899147,
              39.9014691
            ],
            [
              32.8984845,
              39.9014886
            ],
            [
              32.8981197,
              39.9015318
            ],
            [
              32.8979413,
              39.9015802
            ],
            [
              32.8978877,
              39.901608
            ],
            [
              32.8978327,
              39.9016574
            ],
            [
              32.8976731,
              39.9018539
            ],
            [
              32.8975846,
              39.9019249
            ],
            [
              32.8975001,
              39.9019845
            ],
            [
              32.8973874,
              39.9020555
            ],
            [
              32.8971353,
              39.9021656
            ],
            [
              32.8968711,
              39.9022777
            ],
            [
              32.8967048,
              39.9023518
            ],
            [
              32.8966176,
              39.9024166
            ],
            [
              32.8965265,
              39.9024979
            ],
            [
              32.8964259,
              39.9025987
            ],
            [
              32.8963125,
              39.9025559
            ],
            [
              32.8962509,
              39.9026377
            ],
            [
              32.8961341,
              39.9028097
            ],
            [
              32.895938,
              39.903039
            ],
            [
              32.8957979,
              39.9031214
            ],
            [
              32.8956157,
              39.9032109
            ],
            [
              32.8954756,
              39.9033399
            ],
            [
              32.8953542,
              39.903537
            ],
            [
              32.8953262,
              39.9036588
            ],
            [
              32.8952562,
              39.9038235
            ],
            [
              32.8951628,
              39.903974
            ],
            [
              32.8950258,
              39.9041275
            ],
            [
              32.8949185,
              39.9041841
            ],
            [
              32.8947844,
              39.9042623
            ],
            [
              32.8945,
              39.9044938
            ],
            [
              32.8942533,
              39.9046728
            ],
            [
              32.8939784,
              39.9048456
            ],
            [
              32.8937209,
              39.9049989
            ],
            [
              32.8933333,
              39.9052261
            ],
            [
              32.8932451,
              39.9052718
            ],
            [
              32.8931328,
              39.9053065
            ],
            [
              32.8930024,
              39.9053312
            ],
            [
              32.8928595,
              39.9053686
            ],
            [
              32.8928331,
              39.9053754
            ],
            [
              32.8926889,
              39.905442
            ],
            [
              32.8925769,
              39.9055318
            ],
            [
              32.8924213,
              39.9056954
            ],
            [
              32.8923516,
              39.9057797
            ],
            [
              32.8922939,
              39.9058867
            ],
            [
              32.8922456,
              39.905968
            ],
            [
              32.8918827,
              39.9062706
            ],
            [
              32.8918428,
              39.9063039
            ],
            [
              32.8914906,
              39.9065976
            ],
            [
              32.8909019,
              39.9070492
            ],
            [
              32.8908724,
              39.9070718
            ],
            [
              32.8906279,
              39.907245
            ],
            [
              32.8904352,
              39.9073815
            ],
            [
              32.8893113,
              39.9081428
            ],
            [
              32.8887247,
              39.9085428
            ],
            [
              32.8880668,
              39.9089915
            ],
            [
              32.8872634,
              39.909585
            ],
            [
              32.8866626,
              39.910016
            ],
            [
              32.8866,
              39.9100736
            ],
            [
              32.8862818,
              39.910266
            ],
            [
              32.886155,
              39.9103385
            ],
            [
              32.8861058,
              39.9103676
            ],
            [
              32.8857794,
              39.9105611
            ],
            [
              32.8857047,
              39.9105987
            ],
            [
              32.8852888,
              39.9108419
            ],
            [
              32.8851374,
              39.9109061
            ],
            [
              32.884929,
              39.9109454
            ],
            [
              32.8847965,
              39.9109485
            ],
            [
              32.8845822,
              39.9109208
            ],
            [
              32.8838849,
              39.9110302
            ],
            [
              32.883106,
              39.9111785
            ],
            [
              32.882347,
              39.9112947
            ],
            [
              32.8821994,
              39.9113261
            ],
            [
              32.8821035,
              39.9113549
            ],
            [
              32.882005,
              39.9113914
            ],
            [
              32.8818742,
              39.9114058
            ],
            [
              32.8817542,
              39.9114115
            ],
            [
              32.8816972,
              39.9114063
            ],
            [
              32.8816348,
              39.9113976
            ],
            [
              32.8815765,
              39.9113755
            ],
            [
              32.8815114,
              39.9113482
            ],
            [
              32.8810501,
              39.9111373
            ],
            [
              32.8804064,
              39.9108483
            ],
            [
              32.8798485,
              39.9106487
            ],
            [
              32.8796433,
              39.9106003
            ],
            [
              32.8794931,
              39.9105901
            ],
            [
              32.8794586,
              39.9105926
            ],
            [
              32.879308,
              39.9106034
            ],
            [
              32.8791882,
              39.9106122
            ],
            [
              32.8791014,
              39.910626
            ],
            [
              32.8790009,
              39.9106591
            ],
            [
              32.8788453,
              39.910745
            ],
            [
              32.878692,
              39.9108522
            ],
            [
              32.8785824,
              39.910954
            ],
            [
              32.8784994,
              39.9110439
            ],
            [
              32.8783697,
              39.9111784
            ],
            [
              32.8782488,
              39.9113251
            ],
            [
              32.8781474,
              39.9114437
            ],
            [
              32.8781198,
              39.9117638
            ],
            [
              32.8781185,
              39.9119654
            ],
            [
              32.8781265,
              39.9121146
            ],
            [
              32.8781801,
              39.9124427
            ],
            [
              32.8782298,
              39.9126639
            ],
            [
              32.8783035,
              39.9128007
            ],
            [
              32.878447,
              39.912921
            ],
            [
              32.8798115,
              39.9137534
            ],
            [
              32.8799933,
              39.9138643
            ],
            [
              32.8800738,
              39.9139404
            ],
            [
              32.8801288,
              39.914035
            ],
            [
              32.8802642,
              39.9143858
            ],
            [
              32.8803235,
              39.9145414
            ],
            [
              32.8806572,
              39.9154288
            ],
            [
              32.8806961,
              39.915614
            ],
            [
              32.8806746,
              39.9158907
            ],
            [
              32.8806277,
              39.9161088
            ],
            [
              32.8805928,
              39.9162425
            ],
            [
              32.8805152,
              39.9165176
            ],
            [
              32.880393,
              39.9168329
            ],
            [
              32.8802468,
              39.9171806
            ],
            [
              32.8801127,
              39.9174521
            ],
            [
              32.8799397,
              39.9177267
            ],
            [
              32.8797814,
              39.9179283
            ],
            [
              32.8796393,
              39.9180857
            ],
            [
              32.8794435,
              39.9182503
            ],
            [
              32.8793053,
              39.9183408
            ],
            [
              32.8791444,
              39.918419
            ],
            [
              32.8789379,
              39.918491
            ],
            [
              32.8787032,
              39.9185403
            ],
            [
              32.8785117,
              39.9185561
            ],
            [
              32.8784537,
              39.9185609
            ],
            [
              32.8780662,
              39.9185486
            ],
            [
              32.8778248,
              39.9185321
            ],
            [
              32.8776192,
              39.9185118
            ],
            [
              32.8774445,
              39.9184812
            ],
            [
              32.8773339,
              39.918458
            ],
            [
              32.8772206,
              39.9184308
            ],
            [
              32.877005,
              39.9183644
            ],
            [
              32.8769758,
              39.9184066
            ],
            [
              32.8767425,
              39.9187646
            ],
            [
              32.8765373,
              39.9191112
            ],
            [
              32.8764421,
              39.919141
            ],
            [
              32.8763384,
              39.9192097
            ],
            [
              32.8763147,
              39.9192254
            ],
            [
              32.8761698,
              39.9192953
            ],
            [
              32.8765815,
              39.9200081
            ],
            [
              32.8767358,
              39.9202426
            ],
            [
              32.8768189,
              39.9203383
            ],
            [
              32.8769705,
              39.9204689
            ],
            [
              32.8770328,
              39.920511
            ],
            [
              32.8771267,
              39.9205589
            ],
            [
              32.8775834,
              39.9207589
            ],
            [
              32.8778475,
              39.9208892
            ],
            [
              32.8782338,
              39.9210798
            ],
            [
              32.8786468,
              39.9213133
            ],
            [
              32.8788038,
              39.9213925
            ],
            [
              32.8789419,
              39.9214583
            ],
            [
              32.879068,
              39.9215
            ],
            [
              32.8791887,
              39.9215324
            ],
            [
              32.879297,
              39.92155
            ],
            [
              32.8793375,
              39.9215565
            ],
            [
              32.8793518,
              39.9215588
            ],
            [
              32.879542,
              39.9215889
            ],
            [
              32.8797776,
              39.9216417
            ],
            [
              32.8797948,
              39.9216455
            ],
            [
              32.8799269,
              39.9216856
            ],
            [
              32.8800114,
              39.9217216
            ],
            [
              32.8800791,
              39.9217628
            ],
            [
              32.8801516,
              39.9218096
            ],
            [
              32.8802387,
              39.9218435
            ],
            [
              32.8803427,
              39.9218713
            ],
            [
              32.8804493,
              39.9218816
            ],
            [
              32.8805646,
              39.9218774
            ],
            [
              32.8806813,
              39.92186
            ],
            [
              32.8812681,
              39.9217404
            ],
            [
              32.8818306,
              39.9215787
            ],
            [
              32.8823993,
              39.9214501
            ],
            [
              32.8826769,
              39.9214048
            ],
            [
              32.8828982,
              39.9213843
            ],
            [
              32.8831999,
              39.921373
            ],
            [
              32.8835432,
              39.9213668
            ],
            [
              32.8839107,
              39.9213709
            ],
            [
              32.8839893,
              39.9214167
            ],
            [
              32.8840119,
              39.9214299
            ],
            [
              32.8841682,
              39.9215498
            ],
            [
              32.8842772,
              39.9216467
            ],
            [
              32.8844615,
              39.9219043
            ],
            [
              32.8846301,
              39.922081
            ],
            [
              32.8847425,
              39.9222403
            ],
            [
              32.8847516,
              39.9222781
            ],
            [
              32.8849031,
              39.9225331
            ],
            [
              32.885005,
              39.9226967
            ],
            [
              32.8851338,
              39.9228602
            ],
            [
              32.8852504,
              39.9228972
            ],
            [
              32.8854489,
              39.9229394
            ],
            [
              32.8855066,
              39.9231441
            ],
            [
              32.8855267,
              39.9232634
            ],
            [
              32.8854422,
              39.9235246
            ],
            [
              32.8852786,
              39.9235894
            ],
            [
              32.8850426,
              39.9237015
            ],
            [
              32.8840648,
              39.9241512
            ],
            [
              32.8839737,
              39.9241931
            ],
            [
              32.8834936,
              39.9244354
            ],
            [
              32.883452,
              39.9244564
            ],
            [
              32.8831932,
              39.9246076
            ],
            [
              32.8831154,
              39.9246662
            ],
            [
              32.8829706,
              39.9247835
            ],
            [
              32.8828472,
              39.9248816
            ],
            [
              32.8827654,
              39.9249466
            ],
            [
              32.8826541,
              39.9250375
            ],
            [
              32.8826041,
              39.9251107
            ],
            [
              32.8825656,
              39.9251671
            ],
            [
              32.8825602,
              39.925344
            ],
            [
              32.8825776,
              39.9255127
            ],
            [
              32.8829761,
              39.9266549
            ],
            [
              32.882958,
              39.9277022
            ],
            [
              32.8830058,
              39.9282034
            ],
            [
              32.8831088,
              39.9283678
            ],
            [
              32.8835063,
              39.9290176
            ],
            [
              32.883804,
              39.9294008
            ],
            [
              32.8839507,
              39.9295851
            ],
            [
              32.8854706,
              39.9312857
            ],
            [
              32.8849329,
              39.9318937
            ],
            [
              32.8832969,
              39.9324945
            ],
            [
              32.8818179,
              39.9330084
            ],
            [
              32.8803098,
              39.9334643
            ],
            [
              32.8800805,
              39.9335044
            ],
            [
              32.8797331,
              39.9335198
            ],
            [
              32.8783169,
              39.9338972
            ],
            [
              32.8779173,
              39.9339918
            ],
            [
              32.8773578,
              39.9341382
            ],
            [
              32.8759537,
              39.9345273
            ],
            [
              32.873674,
              39.9344063
            ],
            [
              32.8733361,
              39.9343734
            ],
            [
              32.8731134,
              39.9343446
            ],
            [
              32.8729391,
              39.9343117
            ],
            [
              32.8720888,
              39.9340875
            ],
            [
              32.872151,
              39.9338719
            ],
            [
              32.8723139,
              39.9336345
            ],
            [
              32.8723249,
              39.9335507
            ],
            [
              32.8723222,
              39.933487
            ],
            [
              32.8723141,
              39.9334458
            ],
            [
              32.8722819,
              39.9334027
            ],
            [
              32.8722307,
              39.933361
            ],
            [
              32.87211,
              39.9332849
            ],
            [
              32.8717696,
              39.9330777
            ],
            [
              32.8715789,
              39.9329476
            ],
            [
              32.8713673,
              39.9327774
            ],
            [
              32.8712842,
              39.9327013
            ],
            [
              32.8704285,
              39.9316565
            ],
            [
              32.8698781,
              39.9310617
            ],
            [
              32.8698177,
              39.9309839
            ],
            [
              32.8693338,
              39.9303615
            ],
            [
              32.8691509,
              39.9301591
            ],
            [
              32.8690844,
              39.9300718
            ],
            [
              32.8689549,
              39.9299459
            ],
            [
              32.8688677,
              39.9298731
            ],
            [
              32.8687896,
              39.9298178
            ],
            [
              32.8686711,
              39.9297431
            ],
            [
              32.8686424,
              39.929725
            ],
            [
              32.8685617,
              39.9296804
            ],
            [
              32.8684364,
              39.9296213
            ],
            [
              32.868368,
              39.9295868
            ],
            [
              32.8682399,
              39.9295251
            ],
            [
              32.8675646,
              39.929197
            ],
            [
              32.8675029,
              39.9291533
            ],
            [
              32.86746,
              39.9291096
            ],
            [
              32.8674312,
              39.9290711
            ],
            [
              32.8674117,
              39.9290294
            ],
            [
              32.8673957,
              39.9288163
            ],
            [
              32.8661734,
              39.9287691
            ],
            [
              32.8644968,
              39.9287514
            ],
            [
              32.8633285,
              39.9287565
            ],
            [
              32.8617426,
              39.9288926
            ],
            [
              32.8600296,
              39.9290608
            ],
            [
              32.8585078,
              39.9290446
            ],
            [
              32.8567472,
              39.9290416
            ],
            [
              32.8554572,
              39.9290831
            ],
            [
              32.8547794,
              39.9291475
            ],
            [
              32.8541632,
              39.9291837
            ]
          ]
        ]
      },
      "id": "relation/1812321"
    },
    {
      "type": "Feature",
      "properties": {
        "@id": "node/958038131",
        "@relations": [
          {
            "role": "label",
            "rel": 1812321,
            "reltags": {
              "admin_level": "6",
              "boundary": "administrative",
              "name": "Çankaya",
              "name:tr": "Çankaya",
              "name:tr:suffix": "İlçesi",
              "network": "TR06-districts",
              "population": "937546",
              "population:date": "2024-01-01",
              "source:population": "TUİK",
              "type": "boundary",
              "wikidata": "Q1020646",
              "wikipedia": "en:Çankaya, Ankara (district)"
            }
          }
        ]
      },
      "geometry": {
        "type": "Point",
        "coordinates": [
          32.8554966,
          39.8853321
        ]
      },
      "id": "node/958038131"
    }
  ]
}